[{"@type":"mappingTemplate","id":"@1","name":"Mapping17 - Copy 1","description":"","autoExpireObject":false,"bundleVersion":"0","assetFrsGuid":"fNsOb5wYfmUjQIp0zH7bSl","templateId":"@3","deployTime":1758000186000,"hasParameters":false,"valid":true,"fixedConnection":true,"hasParametersDeployed":false,"fixedConnectionDeployed":true,"isSchemaValidationEnabled":false,"tasks":0,"mappingPreviewFileRecordId":"@2","documentType":"MAPPING","allowMaxFieldLength":false,"specialCharacterSupport":false,"references":[{"@type":"reference","refObjectId":"@0Sw3SLh6nUHiF4mwnzFrKS","refType":"connection"}]}]